{"packages/cupertino_icons/assets/CupertinoIcons.ttf":["packages/cupertino_icons/assets/CupertinoIcons.ttf"],"assets/images/Macchiato.jpg":["assets/images/Macchiato.jpg"],"assets/fonts/Nunito-Light.ttf":["assets/fonts/Nunito-Light.ttf"],"assets/fonts/Nunito-Regular.ttf":["assets/fonts/Nunito-Regular.ttf"],"assets/fonts/VarelaRound-Regular.ttf":["assets/fonts/VarelaRound-Regular.ttf"],"assets/images/americano.jpg":["assets/images/americano.jpg"],"assets/images/benih.jpg":["assets/images/benih.jpg"],"assets/images/bg.jpg":["assets/images/bg.jpg"],"assets/images/bg.png":["assets/images/bg.png"],"assets/images/cafelate.jpg":["assets/images/cafelate.jpg"],"assets/images/cappuccino.jpg":["assets/images/cappuccino.jpg"],"assets/images/caramel.jpeg":["assets/images/caramel.jpeg"],"assets/images/cinta1.jpg":["assets/images/cinta1.jpg"],"assets/images/cinta2.jpg":["assets/images/cinta2.jpg"],"assets/images/cireng.jpg":["assets/images/cireng.jpg"],"assets/images/coklat.jpg":["assets/images/coklat.jpg"],"assets/images/curros.jpg":["assets/images/curros.jpg"],"assets/images/espreso.jpg":["assets/images/espreso.jpg"],"packages/font_awesome_flutter/lib/fonts/fa-brands-400.ttf":["packages/font_awesome_flutter/lib/fonts/fa-brands-400.ttf"],"packages/font_awesome_flutter/lib/fonts/fa-regular-400.ttf":["packages/font_awesome_flutter/lib/fonts/fa-regular-400.ttf"],"packages/font_awesome_flutter/lib/fonts/fa-solid-900.ttf":["packages/font_awesome_flutter/lib/fonts/fa-solid-900.ttf"],"assets/images/hazelnut.jpg":["assets/images/hazelnut.jpg"],"assets/images/kentang.jpg":["assets/images/kentang.jpg"],"assets/images/kopicoklat.jpg":["assets/images/kopicoklat.jpg"],"assets/images/longblack.jpg":["assets/images/longblack.jpg"],"assets/images/mango.jpg":["assets/images/mango.jpg"],"assets/images/matcha.jpg":["assets/images/matcha.jpg"],"assets/images/matcha2.jpg":["assets/images/matcha2.jpg"],"assets/images/pandan.jpeg":["assets/images/pandan.jpeg"],"assets/images/pempek.jpg":["assets/images/pempek.jpg"],"assets/images/pisang.jpg":["assets/images/pisang.jpg"],"assets/images/redvalvet.jpg":["assets/images/redvalvet.jpg"],"assets/images/rindu1.jpg":["assets/images/rindu1.jpg"],"assets/images/rindu2.jpg":["assets/images/rindu2.jpg"],"assets/images/taro.jpg":["assets/images/taro.jpg"],"assets/images/tiramisu.jpg":["assets/images/tiramisu.jpg"],"assets/images/v60.jpg":["assets/images/v60.jpg"],"assets/images/vanila.jpg":["assets/images/vanila.jpg"],"assets/images/vietnam.jpg":["assets/images/vietnam.jpg"],"assets/images/vietnam_2.jpg":["assets/images/vietnam_2.jpg"]}